#,URL,Title,Support,Difficulty,Acceptance
337,https://leetcode.com/problems/house-robber-iii/,House Robber III,,Medium,36.4%
336,https://leetcode.com/problems/palindrome-pairs/,Palindrome Pairs,,Hard,17.8%
335,https://leetcode.com/problems/self-crossing/,Self Crossing,,Medium,17.4%
334,https://leetcode.com/problems/increasing-triplet-subsequence/,Increasing Triplet Subsequence,,Medium,32.5%
333,https://leetcode.com/problems/largest-bst-subtree/,Largest BST Subtree,,Medium,26.1%
332,https://leetcode.com/problems/reconstruct-itinerary/,Reconstruct Itinerary,,Medium,23.3%
331,https://leetcode.com/problems/verify-preorder-serialization-of-a-binary-tree/,Verify Preorder Serialization of a Binary Tree,,Medium,31.4%
330,https://leetcode.com/problems/patching-array/,Patching Array,,Medium,28.8%
329,https://leetcode.com/problems/longest-increasing-path-in-a-matrix/,Longest Increasing Path in a Matrix,,Hard,30.4%
328,https://leetcode.com/problems/odd-even-linked-list/,Odd Even Linked List,,Easy,37.3%
327,https://leetcode.com/problems/count-of-range-sum/,Count of Range Sum,,Hard,24.9%
326,https://leetcode.com/problems/power-of-three/,Power of Three,,Easy,35.7%
325,https://leetcode.com/problems/maximum-size-subarray-sum-equals-k/,Maximum Size Subarray Sum Equals k,,Easy,38.9%
324,https://leetcode.com/problems/wiggle-sort-ii/,Wiggle Sort II,,Medium,21.8%
323,https://leetcode.com/problems/number-of-connected-components-in-an-undirected-graph/,Number of Connected Components in an Undirected Graph,,Medium,42.6%
322,https://leetcode.com/problems/coin-change/,Coin Change,,Medium,24.6%
321,https://leetcode.com/problems/create-maximum-number/,Create Maximum Number,,Hard,20.1%
320,https://leetcode.com/problems/generalized-abbreviation/,Generalized Abbreviation,,Medium,39.9%
319,https://leetcode.com/problems/bulb-switcher/,Bulb Switcher,,Medium,39.9%
318,https://leetcode.com/problems/maximum-product-of-word-lengths/,Maximum Product of Word Lengths,,Medium,38.9%
317,https://leetcode.com/problems/shortest-distance-from-all-buildings/,Shortest Distance from All Buildings,,Hard,30.4%
316,https://leetcode.com/problems/remove-duplicate-letters/,Remove Duplicate Letters,,Medium,24.4%
315,https://leetcode.com/problems/count-of-smaller-numbers-after-self/,Count of Smaller Numbers After Self,,Hard,29.2%
314,https://leetcode.com/problems/binary-tree-vertical-order-traversal/,Binary Tree Vertical Order Traversal,,Medium,30.4%
313,https://leetcode.com/problems/super-ugly-number/,Super Ugly Number,,Medium,32.9%
312,https://leetcode.com/problems/burst-balloons/,Burst Balloons,,Hard,35.2%
311,https://leetcode.com/problems/sparse-matrix-multiplication/,Sparse Matrix Multiplication,,Medium,47.2%
310,https://leetcode.com/problems/minimum-height-trees/,Minimum Height Trees,,Medium,26.5%
309,https://leetcode.com/problems/best-time-to-buy-and-sell-stock-with-cooldown/,Best Time to Buy and Sell Stock with Cooldown,,Medium,36.2%
308,https://leetcode.com/problems/range-sum-query-2d-mutable/,Range Sum Query 2D - Mutable,,Hard,21.4%
307,https://leetcode.com/problems/range-sum-query-mutable/,Range Sum Query - Mutable,,Medium,17.0%
306,https://leetcode.com/problems/additive-number/,Additive Number,,Medium,25.2%
305,https://leetcode.com/problems/number-of-islands-ii/,Number of Islands II,,Hard,33.3%
304,https://leetcode.com/problems/range-sum-query-2d-immutable/,Range Sum Query 2D - Immutable,,Medium,22.0%
303,https://leetcode.com/problems/range-sum-query-immutable/,Range Sum Query - Immutable,,Easy,24.5%
302,https://leetcode.com/problems/smallest-rectangle-enclosing-black-pixels/,Smallest Rectangle Enclosing Black Pixels,,Hard,38.7%
301,https://leetcode.com/problems/remove-invalid-parentheses/,Remove Invalid Parentheses,,Hard,31.2%
300,https://leetcode.com/problems/longest-increasing-subsequence/,Longest Increasing Subsequence,,Medium,33.8%
299,https://leetcode.com/problems/bulls-and-cows/,Bulls and Cows,,Easy,28.9%
298,https://leetcode.com/problems/binary-tree-longest-consecutive-sequence/,Binary Tree Longest Consecutive Sequence,,Medium,36.2%
297,https://leetcode.com/problems/serialize-and-deserialize-binary-tree/,Serialize and Deserialize Binary Tree,,Hard,27.1%
296,https://leetcode.com/problems/best-meeting-point/,Best Meeting Point,,Hard,46.4%
295,https://leetcode.com/problems/find-median-from-data-stream/,Find Median from Data Stream,,Hard,21.7%
294,https://leetcode.com/problems/flip-game-ii/,Flip Game II,,Medium,40.9%
293,https://leetcode.com/problems/flip-game/,Flip Game,,Easy,49.1%
292,https://leetcode.com/problems/nim-game/,Nim Game,,Easy,52.0%
291,https://leetcode.com/problems/word-pattern-ii/,Word Pattern II,,Hard,34.3%
290,https://leetcode.com/problems/word-pattern/,Word Pattern,,Easy,28.5%
289,https://leetcode.com/problems/game-of-life/,Game of Life,,Medium,33.8%
288,https://leetcode.com/problems/unique-word-abbreviation/,Unique Word Abbreviation,,Easy,15.7%
287,https://leetcode.com/problems/find-the-duplicate-number/,Find the Duplicate Number,,Hard,38.2%
286,https://leetcode.com/problems/walls-and-gates/,Walls and Gates,,Medium,36.6%
285,https://leetcode.com/problems/inorder-successor-in-bst/,Inorder Successor in BST,,Medium,35.4%
284,https://leetcode.com/problems/peeking-iterator/,Peeking Iterator,,Medium,33.2%
283,https://leetcode.com/problems/move-zeroes/,Move Zeroes,,Easy,43.7%
282,https://leetcode.com/problems/expression-add-operators/,Expression Add Operators,,Hard,24.0%
281,https://leetcode.com/problems/zigzag-iterator/,Zigzag Iterator,,Medium,41.9%
280,https://leetcode.com/problems/wiggle-sort/,Wiggle Sort,,Medium,49.3%
279,https://leetcode.com/problems/perfect-squares/,Perfect Squares,,Medium,31.8%
278,https://leetcode.com/problems/first-bad-version/,First Bad Version,,Easy,22.1%
277,https://leetcode.com/problems/find-the-celebrity/,Find the Celebrity,,Medium,34.9%
276,https://leetcode.com/problems/paint-fence/,Paint Fence,,Easy,30.5%
275,https://leetcode.com/problems/h-index-ii/,H-Index II,golang,Medium,32.4%
274,https://leetcode.com/problems/h-index/,H-Index,golang,Medium,29.0%
273,https://leetcode.com/problems/integer-to-english-words/,Integer to English Words,golang,Hard,18.4%
272,https://leetcode.com/problems/closest-binary-search-tree-value-ii/,Closest Binary Search Tree Value II,,Hard,32.3%
271,https://leetcode.com/problems/encode-and-decode-strings/,Encode and Decode Strings,,Medium,26.9%
270,https://leetcode.com/problems/closest-binary-search-tree-value/,Closest Binary Search Tree Value,,Easy,33.8%
269,https://leetcode.com/problems/alien-dictionary/,Alien Dictionary,,Hard,22.3%
268,https://leetcode.com/problems/missing-number/,Missing Number,golang,Medium,39.6%
267,https://leetcode.com/problems/palindrome-permutation-ii/,Palindrome Permutation II,,Medium,27.1%
266,https://leetcode.com/problems/palindrome-permutation/,Palindrome Permutation,,Easy,50.1%
265,https://leetcode.com/problems/paint-house-ii/,Paint House II,,Hard,35.2%
264,https://leetcode.com/problems/ugly-number-ii/,Ugly Number II,golang,Medium,27.1%
263,https://leetcode.com/problems/ugly-number/,Ugly Number,golang,Easy,36.1%
261,https://leetcode.com/problems/graph-valid-tree/,Graph Valid Tree,,Medium,31.9%
260,https://leetcode.com/problems/single-number-iii/,Single Number III,golang,Medium,43.0%
259,https://leetcode.com/problems/3sum-smaller/,3Sum Smaller,,Medium,37.8%
258,https://leetcode.com/problems/add-digits/,Add Digits,golang,Easy,48.2%
257,https://leetcode.com/problems/binary-tree-paths/,Binary Tree Paths,golang,Easy,27.6%
256,https://leetcode.com/problems/paint-house/,Paint House,,Medium,42.1%
255,https://leetcode.com/problems/verify-preorder-sequence-in-binary-search-tree/,Verify Preorder Sequence in Binary Search Tree,,Medium,36.6%
254,https://leetcode.com/problems/factor-combinations/,Factor Combinations,,Medium,34.2%
253,https://leetcode.com/problems/meeting-rooms-ii/,Meeting Rooms II,,Medium,34.2%
252,https://leetcode.com/problems/meeting-rooms/,Meeting Rooms,,Easy,41.4%
251,https://leetcode.com/problems/flatten-2d-vector/,Flatten 2D Vector,,Medium,33.1%
250,https://leetcode.com/problems/count-univalue-subtrees/,Count Univalue Subtrees,,Medium,35.9%
249,https://leetcode.com/problems/group-shifted-strings/,Group Shifted Strings,,Easy,31.0%
248,https://leetcode.com/problems/strobogrammatic-number-iii/,Strobogrammatic Number III,,Hard,26.0%
247,https://leetcode.com/problems/strobogrammatic-number-ii/,Strobogrammatic Number II,,Medium,33.8%
246,https://leetcode.com/problems/strobogrammatic-number/,Strobogrammatic Number,,Easy,35.9%
245,https://leetcode.com/problems/shortest-word-distance-iii/,Shortest Word Distance III,,Medium,45.7%
244,https://leetcode.com/problems/shortest-word-distance-ii/,Shortest Word Distance II,,Medium,35.0%
243,https://leetcode.com/problems/shortest-word-distance/,Shortest Word Distance,,Easy,45.9%
242,https://leetcode.com/problems/valid-anagram/,Valid Anagram,golang,Easy,41.2%
241,https://leetcode.com/problems/different-ways-to-add-parentheses/,Different Ways to Add Parentheses,golang,Medium,33.6%
240,https://leetcode.com/problems/search-a-2d-matrix-ii/,Search a 2D Matrix II,golang,Medium,33.9%
239,https://leetcode.com/problems/sliding-window-maximum/,Sliding Window Maximum,golang,Hard,26.7%
238,https://leetcode.com/problems/product-of-array-except-self/,Product of Array Except Self,golang,Medium,41.9%
237,https://leetcode.com/problems/delete-node-in-a-linked-list/,Delete Node in a Linked List,,Easy,43.6%
236,https://leetcode.com/problems/lowest-common-ancestor-of-a-binary-tree/,Lowest Common Ancestor of a Binary Tree,,Medium,28.6%
235,https://leetcode.com/problems/lowest-common-ancestor-of-a-binary-search-tree/,Lowest Common Ancestor of a Binary Search Tree,,Easy,37.9%
234,https://leetcode.com/problems/palindrome-linked-list/,Palindrome Linked List,golang,Easy,27.4%
233,https://leetcode.com/problems/number-of-digit-one/,Number of Digit One,golang,Hard,24.1%
232,https://leetcode.com/problems/implement-queue-using-stacks/,Implement Queue using Stacks,,Easy,33.9%
231,https://leetcode.com/problems/power-of-two/,Power of Two,golang,Easy,35.8%
230,https://leetcode.com/problems/kth-smallest-element-in-a-bst/,Kth Smallest Element in a BST,golang,Medium,36.7%
229,https://leetcode.com/problems/majority-element-ii/,Majority Element II,golang,Medium,25.4%
228,https://leetcode.com/problems/summary-ranges/,Summary Ranges,golang,Easy,23.6%
227,https://leetcode.com/problems/basic-calculator-ii/,Basic Calculator II,golang,Medium,24.2%
226,https://leetcode.com/problems/invert-binary-tree/,Invert Binary Tree,golang,Easy,44.5%
225,https://leetcode.com/problems/implement-stack-using-queues/,Implement Stack using Queues,,Easy,30.5%
224,https://leetcode.com/problems/basic-calculator/,Basic Calculator,golang,Medium,21.5%
223,https://leetcode.com/problems/rectangle-area/,Rectangle Area,golang,Easy,29.4%
222,https://leetcode.com/problems/count-complete-tree-nodes/,Count Complete Tree Nodes,,Medium,24.5%
221,https://leetcode.com/problems/maximal-square/,Maximal Square,golang,Medium,23.2%
220,https://leetcode.com/problems/contains-duplicate-iii/,Contains Duplicate III,golang,Medium,18.3%
219,https://leetcode.com/problems/contains-duplicate-ii/,Contains Duplicate II,golang,Easy,29.5%
218,https://leetcode.com/problems/the-skyline-problem/,The Skyline Problem,golang,Hard,21.4%
217,https://leetcode.com/problems/contains-duplicate/,Contains Duplicate,golang,Easy,40.7%
216,https://leetcode.com/problems/combination-sum-iii/,Combination Sum III,golang,Medium,34.9%
215,https://leetcode.com/problems/kth-largest-element-in-an-array/,Kth Largest Element in an Array,golang,Medium,32.4%
214,https://leetcode.com/problems/shortest-palindrome/,Shortest Palindrome,golang,Hard,19.3%
213,https://leetcode.com/problems/house-robber-ii/,House Robber II,golang,Medium,30.0%
212,https://leetcode.com/problems/word-search-ii/,Word Search II,golang,Hard,18.8%
211,https://leetcode.com/problems/add-and-search-word-data-structure-design/,Add and Search Word - Data structure design,,Medium,20.3%
210,https://leetcode.com/problems/course-schedule-ii/,Course Schedule II,,Medium,20.8%
209,https://leetcode.com/problems/minimum-size-subarray-sum/,Minimum Size Subarray Sum,golang,Medium,26.4%
208,https://leetcode.com/problems/implement-trie-prefix-tree/,Implement Trie (Prefix Tree),,Medium,25.3%
207,https://leetcode.com/problems/course-schedule/,Course Schedule,golang,Medium,26.4%
206,https://leetcode.com/problems/reverse-linked-list/,Reverse Linked List,golang,Easy,38.7%
205,https://leetcode.com/problems/isomorphic-strings/,Isomorphic Strings,golang,Easy,29.0%
204,https://leetcode.com/problems/count-primes/,Count Primes,golang,Easy,23.8%
203,https://leetcode.com/problems/remove-linked-list-elements/,Remove Linked List Elements,golang,Easy,28.2%
202,https://leetcode.com/problems/happy-number/,Happy Number,golang,Easy,36.0%
201,https://leetcode.com/problems/bitwise-and-of-numbers-range/,Bitwise AND of Numbers Range,golang,Medium,29.7%
200,https://leetcode.com/problems/number-of-islands/,Number of Islands,golang,Medium,27.2%
199,https://leetcode.com/problems/binary-tree-right-side-view/,Binary Tree Right Side View,golang,Medium,33.6%
198,https://leetcode.com/problems/house-robber/,House Robber,golang,Easy,33.6%
191,https://leetcode.com/problems/number-of-1-bits/,Number of 1 Bits,,Easy,37.5%
190,https://leetcode.com/problems/reverse-bits/,Reverse Bits,,Easy,29.1%
189,https://leetcode.com/problems/rotate-array/,Rotate Array,golang,Easy,20.7%
188,https://leetcode.com/problems/best-time-to-buy-and-sell-stock-iv/,Best Time to Buy and Sell Stock IV,golang,Hard,21.8%
187,https://leetcode.com/problems/repeated-dna-sequences/,Repeated DNA Sequences,golang,Medium,24.6%
186,https://leetcode.com/problems/reverse-words-in-a-string-ii/,Reverse Words in a String II,,Medium,29.3%
179,https://leetcode.com/problems/largest-number/,Largest Number,golang,Medium,18.6%
174,https://leetcode.com/problems/dungeon-game/,Dungeon Game,golang,Hard,20.5%
173,https://leetcode.com/problems/binary-search-tree-iterator/,Binary Search Tree Iterator,,Medium,33.9%
172,https://leetcode.com/problems/factorial-trailing-zeroes/,Factorial Trailing Zeroes,golang,Easy,32.1%
171,https://leetcode.com/problems/excel-sheet-column-number/,Excel Sheet Column Number,golang,Easy,40.8%
170,https://leetcode.com/problems/two-sum-iii-data-structure-design/,Two Sum III - Data structure design,,Easy,24.1%
169,https://leetcode.com/problems/majority-element/,Majority Element,golang,Easy,40.5%
168,https://leetcode.com/problems/excel-sheet-column-title/,Excel Sheet Column Title,golang,Easy,21.2%
167,https://leetcode.com/problems/two-sum-ii-input-array-is-sorted/,Two Sum II - Input array is sorted,,Medium,47.4%
166,https://leetcode.com/problems/fraction-to-recurring-decimal/,Fraction to Recurring Decimal,golang,Medium,14.8%
165,https://leetcode.com/problems/compare-version-numbers/,Compare Version Numbers,golang,Easy,17.1%
164,https://leetcode.com/problems/maximum-gap/,Maximum Gap,golang,Hard,26.3%
163,https://leetcode.com/problems/missing-ranges/,Missing Ranges,,Medium,28.7%
162,https://leetcode.com/problems/find-peak-element/,Find Peak Element,,Medium,32.8%
161,https://leetcode.com/problems/one-edit-distance/,One Edit Distance,,Medium,28.0%
160,https://leetcode.com/problems/intersection-of-two-linked-lists/,Intersection of Two Linked Lists,,Easy,30.1%
159,https://leetcode.com/problems/longest-substring-with-at-most-two-distinct-characters/,Longest Substring with At Most Two Distinct Characters,,Hard,34.0%
158,https://leetcode.com/problems/read-n-characters-given-read4-ii-call-multiple-times/,Read N Characters Given Read4 II - Call multiple times,,Hard,23.3%
157,https://leetcode.com/problems/read-n-characters-given-read4/,Read N Characters Given Read4,,Easy,29.4%
156,https://leetcode.com/problems/binary-tree-upside-down/,Binary Tree Upside Down,,Medium,37.7%
155,https://leetcode.com/problems/min-stack/,Min Stack,,Easy,21.7%
154,https://leetcode.com/problems/find-minimum-in-rotated-sorted-array-ii/,Find Minimum in Rotated Sorted Array II,golang,Hard,34.0%
153,https://leetcode.com/problems/find-minimum-in-rotated-sorted-array/,Find Minimum in Rotated Sorted Array,golang,Medium,35.8%
152,https://leetcode.com/problems/maximum-product-subarray/,Maximum Product Subarray,golang,Medium,21.8%
151,https://leetcode.com/problems/reverse-words-in-a-string/,Reverse Words in a String,,Medium,15.6%
150,https://leetcode.com/problems/evaluate-reverse-polish-notation/,Evaluate Reverse Polish Notation,golang,Medium,23.2%
149,https://leetcode.com/problems/max-points-on-a-line/,Max Points on a Line,golang,Hard,14.1%
148,https://leetcode.com/problems/sort-list/,Sort List,golang,Medium,24.4%
147,https://leetcode.com/problems/insertion-sort-list/,Insertion Sort List,golang,Medium,28.9%
146,https://leetcode.com/problems/lru-cache/,LRU Cache,,Hard,15.7%
145,https://leetcode.com/problems/binary-tree-postorder-traversal/,Binary Tree Postorder Traversal,golang,Hard,35.0%
144,https://leetcode.com/problems/binary-tree-preorder-traversal/,Binary Tree Preorder Traversal,golang,Medium,39.3%
143,https://leetcode.com/problems/reorder-list/,Reorder List,golang,Medium,22.5%
142,https://leetcode.com/problems/linked-list-cycle-ii/,Linked List Cycle II,,Medium,31.5%
141,https://leetcode.com/problems/linked-list-cycle/,Linked List Cycle,,Medium,36.9%
140,https://leetcode.com/problems/word-break-ii/,Word Break II,,Hard,19.5%
139,https://leetcode.com/problems/word-break/,Word Break,,Medium,24.8%
138,https://leetcode.com/problems/copy-list-with-random-pointer/,Copy List with Random Pointer,,Hard,26.0%
137,https://leetcode.com/problems/single-number-ii/,Single Number II,golang,Medium,37.2%
136,https://leetcode.com/problems/single-number/,Single Number,golang,Medium,49.1%
135,https://leetcode.com/problems/candy/,Candy,golang,Hard,22.1%
134,https://leetcode.com/problems/gas-station/,Gas Station,golang,Medium,27.1%
133,https://leetcode.com/problems/clone-graph/,Clone Graph,,Medium,24.8%
132,https://leetcode.com/problems/palindrome-partitioning-ii/,Palindrome Partitioning II,golang,Hard,21.5%
131,https://leetcode.com/problems/palindrome-partitioning/,Palindrome Partitioning,,Medium,27.5%
130,https://leetcode.com/problems/surrounded-regions/,Surrounded Regions,golang,Medium,15.9%
129,https://leetcode.com/problems/sum-root-to-leaf-numbers/,Sum Root to Leaf Numbers,golang,Medium,32.3%
128,https://leetcode.com/problems/longest-consecutive-sequence/,Longest Consecutive Sequence,golang,Hard,31.7%
127,https://leetcode.com/problems/word-ladder/,Word Ladder,,Medium,19.6%
126,https://leetcode.com/problems/word-ladder-ii/,Word Ladder II,,Hard,13.5%
125,https://leetcode.com/problems/valid-palindrome/,Valid Palindrome,golang,Easy,23.5%
124,https://leetcode.com/problems/binary-tree-maximum-path-sum/,Binary Tree Maximum Path Sum,golang,Hard,23.1%
123,https://leetcode.com/problems/best-time-to-buy-and-sell-stock-iii/,Best Time to Buy and Sell Stock III,golang,Hard,26.0%
122,https://leetcode.com/problems/best-time-to-buy-and-sell-stock-ii/,Best Time to Buy and Sell Stock II,golang,Medium,41.8%
121,https://leetcode.com/problems/best-time-to-buy-and-sell-stock/,Best Time to Buy and Sell Stock,golang,Medium,35.7%
120,https://leetcode.com/problems/triangle/,Triangle,,Medium,29.7%
119,https://leetcode.com/problems/pascals-triangle-ii/,Pascal&#39;s Triangle II,golang,Easy,31.8%
118,https://leetcode.com/problems/pascals-triangle/,Pascal&#39;s Triangle,golang,Easy,32.8%
117,https://leetcode.com/problems/populating-next-right-pointers-in-each-node-ii/,Populating Next Right Pointers in Each Node II,,Hard,32.7%
116,https://leetcode.com/problems/populating-next-right-pointers-in-each-node/,Populating Next Right Pointers in Each Node,,Medium,36.4%
115,https://leetcode.com/problems/distinct-subsequences/,Distinct Subsequences,golang,Hard,28.5%
114,https://leetcode.com/problems/flatten-binary-tree-to-linked-list/,Flatten Binary Tree to Linked List,golang,Medium,30.7%
113,https://leetcode.com/problems/path-sum-ii/,Path Sum II,golang,Medium,28.0%
112,https://leetcode.com/problems/path-sum/,Path Sum,golang,Easy,31.0%
111,https://leetcode.com/problems/minimum-depth-of-binary-tree/,Minimum Depth of Binary Tree,golang,Easy,30.4%
110,https://leetcode.com/problems/balanced-binary-tree/,Balanced Binary Tree,golang,Easy,33.7%
109,https://leetcode.com/problems/convert-sorted-list-to-binary-search-tree/,Convert Sorted List to Binary Search Tree,golang,Medium,30.0%
108,https://leetcode.com/problems/convert-sorted-array-to-binary-search-tree/,Convert Sorted Array to Binary Search Tree,golang,Medium,36.7%
107,https://leetcode.com/problems/binary-tree-level-order-traversal-ii/,Binary Tree Level Order Traversal II,golang,Easy,33.4%
106,https://leetcode.com/problems/construct-binary-tree-from-inorder-and-postorder-traversal/,Construct Binary Tree from Inorder and Postorder Traversal,golang,Medium,28.7%
105,https://leetcode.com/problems/construct-binary-tree-from-preorder-and-inorder-traversal/,Construct Binary Tree from Preorder and Inorder Traversal,golang,Medium,28.2%
104,https://leetcode.com/problems/maximum-depth-of-binary-tree/,Maximum Depth of Binary Tree,golang,Easy,47.4%
103,https://leetcode.com/problems/binary-tree-zigzag-level-order-traversal/,Binary Tree Zigzag Level Order Traversal,golang,Medium,28.2%
102,https://leetcode.com/problems/binary-tree-level-order-traversal/,Binary Tree Level Order Traversal,golang,Easy,32.2%
101,https://leetcode.com/problems/symmetric-tree/,Symmetric Tree,golang,Easy,33.6%
100,https://leetcode.com/problems/same-tree/,Same Tree,golang,Easy,43.0%
99,https://leetcode.com/problems/recover-binary-search-tree/,Recover Binary Search Tree,golang,Hard,26.0%
98,https://leetcode.com/problems/validate-binary-search-tree/,Validate Binary Search Tree,golang,Medium,20.8%
97,https://leetcode.com/problems/interleaving-string/,Interleaving String,golang,Hard,22.2%
96,https://leetcode.com/problems/unique-binary-search-trees/,Unique Binary Search Trees,golang,Medium,37.1%
95,https://leetcode.com/problems/unique-binary-search-trees-ii/,Unique Binary Search Trees II,golang,Medium,28.9%
94,https://leetcode.com/problems/binary-tree-inorder-traversal/,Binary Tree Inorder Traversal,golang,Medium,39.1%
93,https://leetcode.com/problems/restore-ip-addresses/,Restore IP Addresses,golang,Medium,23.0%
92,https://leetcode.com/problems/reverse-linked-list-ii/,Reverse Linked List II,golang,Medium,27.5%
91,https://leetcode.com/problems/decode-ways/,Decode Ways,golang,Medium,17.3%
90,https://leetcode.com/problems/subsets-ii/,Subsets II,golang,Medium,30.1%
89,https://leetcode.com/problems/gray-code/,Gray Code,golang,Medium,35.8%
88,https://leetcode.com/problems/merge-sorted-array/,Merge Sorted Array,golang,Easy,29.9%
87,https://leetcode.com/problems/scramble-string/,Scramble String,golang,Hard,26.2%
86,https://leetcode.com/problems/partition-list/,Partition List,golang,Medium,29.1%
85,https://leetcode.com/problems/maximal-rectangle/,Maximal Rectangle,golang,Hard,23.2%
84,https://leetcode.com/problems/largest-rectangle-in-histogram/,Largest Rectangle in Histogram,golang,Hard,23.9%
83,https://leetcode.com/problems/remove-duplicates-from-sorted-list/,Remove Duplicates from Sorted List,golang,Easy,36.4%
82,https://leetcode.com/problems/remove-duplicates-from-sorted-list-ii/,Remove Duplicates from Sorted List II,golang,Medium,26.6%
81,https://leetcode.com/problems/search-in-rotated-sorted-array-ii/,Search in Rotated Sorted Array II,golang,Medium,31.8%
80,https://leetcode.com/problems/remove-duplicates-from-sorted-array-ii/,Remove Duplicates from Sorted Array II,golang,Medium,32.3%
79,https://leetcode.com/problems/word-search/,Word Search,golang,Medium,22.6%
78,https://leetcode.com/problems/subsets/,Subsets,golang,Medium,30.9%
77,https://leetcode.com/problems/combinations/,Combinations,golang,Medium,33.7%
76,https://leetcode.com/problems/minimum-window-substring/,Minimum Window Substring,golang,Hard,20.9%
75,https://leetcode.com/problems/sort-colors/,Sort Colors,golang,Medium,34.4%
74,https://leetcode.com/problems/search-a-2d-matrix/,Search a 2D Matrix,golang,Medium,33.4%
73,https://leetcode.com/problems/set-matrix-zeroes/,Set Matrix Zeroes,golang,Medium,33.1%
72,https://leetcode.com/problems/edit-distance/,Edit Distance,golang,Hard,28.2%
71,https://leetcode.com/problems/simplify-path/,Simplify Path,golang,Medium,21.6%
70,https://leetcode.com/problems/climbing-stairs/,Climbing Stairs,golang,Easy,36.4%
69,https://leetcode.com/problems/sqrtx/,Sqrt(x),golang,Medium,25.0%
68,https://leetcode.com/problems/text-justification/,Text Justification,golang,Hard,15.9%
67,https://leetcode.com/problems/add-binary/,Add Binary,golang,Easy,27.0%
66,https://leetcode.com/problems/plus-one/,Plus One,golang,Easy,33.0%
65,https://leetcode.com/problems/valid-number/,Valid Number,golang,Hard,12.0%
64,https://leetcode.com/problems/minimum-path-sum/,Minimum Path Sum,golang,Medium,34.4%
63,https://leetcode.com/problems/unique-paths-ii/,Unique Paths II,golang,Medium,29.2%
62,https://leetcode.com/problems/unique-paths/,Unique Paths,golang,Medium,35.7%
61,https://leetcode.com/problems/rotate-list/,Rotate List,golang,Medium,22.7%
60,https://leetcode.com/problems/permutation-sequence/,Permutation Sequence,golang,Medium,24.8%
59,https://leetcode.com/problems/spiral-matrix-ii/,Spiral Matrix II,golang,Medium,34.4%
58,https://leetcode.com/problems/length-of-last-word/,Length of Last Word,golang,Easy,28.9%
57,https://leetcode.com/problems/insert-interval/,Insert Interval,golang,Hard,23.5%
56,https://leetcode.com/problems/merge-intervals/,Merge Intervals,golang,Hard,24.9%
55,https://leetcode.com/problems/jump-game/,Jump Game,golang,Medium,28.1%
54,https://leetcode.com/problems/spiral-matrix/,Spiral Matrix,golang,Medium,22.2%
53,https://leetcode.com/problems/maximum-subarray/,Maximum Subarray,golang,Medium,36.3%
52,https://leetcode.com/problems/n-queens-ii/,N-Queens II,golang,Hard,38.8%
51,https://leetcode.com/problems/n-queens/,N-Queens,,Hard,26.2%
50,https://leetcode.com/problems/powx-n/,Pow(x n),golang,Medium,27.9%
49,https://leetcode.com/problems/anagrams/,Group Anagrams,golang,Medium,26.9%
48,https://leetcode.com/problems/rotate-image/,Rotate Image,golang,Medium,34.2%
47,https://leetcode.com/problems/permutations-ii/,Permutations II,golang,Medium,27.7%
46,https://leetcode.com/problems/permutations/,Permutations,golang,Medium,35.1%
45,https://leetcode.com/problems/jump-game-ii/,Jump Game II,golang,Hard,25.1%
44,https://leetcode.com/problems/wildcard-matching/,Wildcard Matching,golang,Hard,17.2%
43,https://leetcode.com/problems/multiply-strings/,Multiply Strings,golang,Medium,23.0%
42,https://leetcode.com/problems/trapping-rain-water/,Trapping Rain Water,golang,Hard,31.9%
41,https://leetcode.com/problems/first-missing-positive/,First Missing Positive,golang,Hard,23.6%
40,https://leetcode.com/problems/combination-sum-ii/,Combination Sum II,golang,Medium,27.2%
39,https://leetcode.com/problems/combination-sum/,Combination Sum,golang,Medium,30.4%
38,https://leetcode.com/problems/count-and-say/,Count and Say,golang,Easy,28.4%
37,https://leetcode.com/problems/sudoku-solver/,Sudoku Solver,golang,Hard,24.4%
36,https://leetcode.com/problems/valid-sudoku/,Valid Sudoku,golang,Easy,30.0%
35,https://leetcode.com/problems/search-insert-position/,Search Insert Position,golang,Medium,37.0%
34,https://leetcode.com/problems/search-for-a-range/,Search for a Range,golang,Medium,28.8%
33,https://leetcode.com/problems/search-in-rotated-sorted-array/,Search in Rotated Sorted Array,golang,Hard,30.1%
32,https://leetcode.com/problems/longest-valid-parentheses/,Longest Valid Parentheses,golang,Hard,22.2%
31,https://leetcode.com/problems/next-permutation/,Next Permutation,golang,Medium,26.2%
30,https://leetcode.com/problems/substring-with-concatenation-of-all-words/,Substring with Concatenation of All Words,golang,Hard,20.6%
29,https://leetcode.com/problems/divide-two-integers/,Divide Two Integers,golang,Medium,15.5%
28,https://leetcode.com/problems/implement-strstr/,Implement strStr(),golang,Easy,24.5%
27,https://leetcode.com/problems/remove-element/,Remove Element,golang,Easy,33.2%
26,https://leetcode.com/problems/remove-duplicates-from-sorted-array/,Remove Duplicates from Sorted Array,golang,Easy,33.1%
25,https://leetcode.com/problems/reverse-nodes-in-k-group/,Reverse Nodes in k-Group,golang,Hard,27.1%
24,https://leetcode.com/problems/swap-nodes-in-pairs/,Swap Nodes in Pairs,golang,Medium,34.8%
23,https://leetcode.com/problems/merge-k-sorted-lists/,Merge k Sorted Lists,golang,Hard,23.0%
22,https://leetcode.com/problems/generate-parentheses/,Generate Parentheses,golang,Medium,36.2%
21,https://leetcode.com/problems/merge-two-sorted-lists/,Merge Two Sorted Lists,golang,Easy,35.0%
20,https://leetcode.com/problems/valid-parentheses/,Valid Parentheses,golang,Easy,28.9%
19,https://leetcode.com/problems/remove-nth-node-from-end-of-list/,Remove Nth Node From End of List,golang,Easy,29.0%
18,https://leetcode.com/problems/4sum/,4Sum,golang,Medium,23.4%
17,https://leetcode.com/problems/letter-combinations-of-a-phone-number/,Letter Combinations of a Phone Number,golang,Medium,28.2%
16,https://leetcode.com/problems/3sum-closest/,3Sum Closest,golang,Medium,28.7%
15,https://leetcode.com/problems/3sum/,3Sum,golang,Medium,18.5%
14,https://leetcode.com/problems/longest-common-prefix/,Longest Common Prefix,golang,Easy,27.7%
13,https://leetcode.com/problems/roman-to-integer/,Roman to Integer,golang,Easy,38.6%
12,https://leetcode.com/problems/integer-to-roman/,Integer to Roman,golang,Medium,38.0%
11,https://leetcode.com/problems/container-with-most-water/,Container With Most Water,golang,Medium,34.2%
10,https://leetcode.com/problems/regular-expression-matching/,Regular Expression Matching,golang,Hard,21.7%
9,https://leetcode.com/problems/palindrome-number/,Palindrome Number,golang,Easy,31.2%
8,https://leetcode.com/problems/string-to-integer-atoi/,String to Integer (atoi),golang,Easy,13.4%
7,https://leetcode.com/problems/reverse-integer/,Reverse Integer,golang,Easy,23.6%
6,https://leetcode.com/problems/zigzag-conversion/,ZigZag Conversion,golang,Easy,23.6%
5,https://leetcode.com/problems/longest-palindromic-substring/,Longest Palindromic Substring,golang,Medium,22.7%
4,https://leetcode.com/problems/median-of-two-sorted-arrays/,Median of Two Sorted Arrays,golang,Hard,18.3%
3,https://leetcode.com/problems/longest-substring-without-repeating-characters/,Longest Substring Without Repeating Characters,golang,Medium,21.7%
2,https://leetcode.com/problems/add-two-numbers/,Add Two Numbers,golang,Medium,22.5%
1,https://leetcode.com/problems/two-sum/,Two Sum,golang,Easy,22.0%
