#,URL,Title,Support,Difficulty,Locked
1,https://leetcode.com/problems/two-sum/,Two Sum,C++,Easy,
2,https://leetcode.com/problems/add-two-numbers/,Add Two Numbers,C++,Medium,
3,https://leetcode.com/problems/longest-substring-without-repeating-characters/,Longest Substring Without Repeating Characters,C++,Medium,
4,https://leetcode.com/problems/median-of-two-sorted-arrays/,Median of Two Sorted Arrays,C++,Hard,
5,https://leetcode.com/problems/longest-palindromic-substring/,Longest Palindromic Substring,C++,Medium,
6,https://leetcode.com/problems/zigzag-conversion/,ZigZag Conversion,C++,Easy,
7,https://leetcode.com/problems/reverse-integer/,Reverse Integer,C++,Easy,
8,https://leetcode.com/problems/string-to-integer-atoi/,String to Integer (atoi),C++,Easy,
9,https://leetcode.com/problems/palindrome-number/,Palindrome Number,C++,Easy,
10,https://leetcode.com/problems/regular-expression-matching/,Regular Expression Matching,C++,Hard,
11,https://leetcode.com/problems/container-with-most-water/,Container With Most Water,C++,Medium,
12,https://leetcode.com/problems/integer-to-roman/,Integer to Roman,C++,Medium,
13,https://leetcode.com/problems/roman-to-integer/,Roman to Integer,C++,Easy,
14,https://leetcode.com/problems/longest-common-prefix/,Longest Common Prefix,C++,Easy,
15,https://leetcode.com/problems/3sum/,3Sum,C++,Medium,
16,https://leetcode.com/problems/3sum-closest/,3Sum Closest,C++,Medium,
17,https://leetcode.com/problems/letter-combinations-of-a-phone-number/,Letter Combinations of a Phone Number,C++,Medium,
18,https://leetcode.com/problems/4sum/,4Sum,C++,Medium,
19,https://leetcode.com/problems/remove-nth-node-from-end-of-list/,Remove Nth Node From End of List,C++,Easy,
20,https://leetcode.com/problems/valid-parentheses/,Valid Parentheses,C++,Easy,
21,https://leetcode.com/problems/merge-two-sorted-lists/,Merge Two Sorted Lists,C++,Easy,
22,https://leetcode.com/problems/generate-parentheses/,Generate Parentheses,C++,Medium,
23,https://leetcode.com/problems/merge-k-sorted-lists/,Merge k Sorted Lists,C++,Hard,
24,https://leetcode.com/problems/swap-nodes-in-pairs/,Swap Nodes in Pairs,C++,Easy,
25,https://leetcode.com/problems/reverse-nodes-in-k-group/,Reverse Nodes in k-Group,C++,Hard,
26,https://leetcode.com/problems/remove-duplicates-from-sorted-array/,Remove Duplicates from Sorted Array,C++,Easy,
27,https://leetcode.com/problems/remove-element/,Remove Element,C++,Easy,
28,https://leetcode.com/problems/implement-strstr/,Implement strStr(),C++,Easy,
29,https://leetcode.com/problems/divide-two-integers/,Divide Two Integers,C++,Medium,
30,https://leetcode.com/problems/substring-with-concatenation-of-all-words/,Substring with Concatenation of All Words,C++,Hard,
31,https://leetcode.com/problems/next-permutation/,Next Permutation,C++,Medium,
32,https://leetcode.com/problems/longest-valid-parentheses/,Longest Valid Parentheses,C++,Hard,
33,https://leetcode.com/problems/search-in-rotated-sorted-array/,Search in Rotated Sorted Array,C++,Hard,
34,https://leetcode.com/problems/search-for-a-range/,Search for a Range,C++,Medium,
35,https://leetcode.com/problems/search-insert-position/,Search Insert Position,C++,Medium,
36,https://leetcode.com/problems/valid-sudoku/,Valid Sudoku,C++,Easy,
37,https://leetcode.com/problems/sudoku-solver/,Sudoku Solver,C++,Hard,
38,https://leetcode.com/problems/count-and-say/,Count and Say,C++,Easy,
39,https://leetcode.com/problems/combination-sum/,Combination Sum,C++,Medium,
40,https://leetcode.com/problems/combination-sum-ii/,Combination Sum II,C++,Medium,
41,https://leetcode.com/problems/first-missing-positive/,First Missing Positive,C++,Hard,
42,https://leetcode.com/problems/trapping-rain-water/,Trapping Rain Water,C++,Hard,
43,https://leetcode.com/problems/multiply-strings/,Multiply Strings,C++,Medium,
44,https://leetcode.com/problems/wildcard-matching/,Wildcard Matching,C++,Hard,
45,https://leetcode.com/problems/jump-game-ii/,Jump Game II,C++,Hard,
46,https://leetcode.com/problems/permutations/,Permutations,C++,Medium,
47,https://leetcode.com/problems/permutations-ii/,Permutations II,C++,Medium,
48,https://leetcode.com/problems/rotate-image/,Rotate Image,C++,Medium,
49,https://leetcode.com/problems/anagrams/,Group Anagrams,C++,Medium,
50,https://leetcode.com/problems/powx-n/,Pow(x n),C++,Medium,
51,https://leetcode.com/problems/n-queens/,N-Queens,C++,Hard,
52,https://leetcode.com/problems/n-queens-ii/,N-Queens II,C++,Hard,
53,https://leetcode.com/problems/maximum-subarray/,Maximum Subarray,C++,Medium,
54,https://leetcode.com/problems/spiral-matrix/,Spiral Matrix,C++,Medium,
55,https://leetcode.com/problems/jump-game/,Jump Game,C++,Medium,
56,https://leetcode.com/problems/merge-intervals/,Merge Intervals,C++,Hard,
57,https://leetcode.com/problems/insert-interval/,Insert Interval,C++,Hard,
58,https://leetcode.com/problems/length-of-last-word/,Length of Last Word,C++,Easy,
59,https://leetcode.com/problems/spiral-matrix-ii/,Spiral Matrix II,C++,Medium,
60,https://leetcode.com/problems/permutation-sequence/,Permutation Sequence,C++,Medium,
61,https://leetcode.com/problems/rotate-list/,Rotate List,C++,Medium,
62,https://leetcode.com/problems/unique-paths/,Unique Paths,C++,Medium,
63,https://leetcode.com/problems/unique-paths-ii/,Unique Paths II,C++,Medium,
64,https://leetcode.com/problems/minimum-path-sum/,Minimum Path Sum,C++,Medium,
65,https://leetcode.com/problems/valid-number/,Valid Number,C++,Hard,
66,https://leetcode.com/problems/plus-one/,Plus One,C++,Easy,
67,https://leetcode.com/problems/add-binary/,Add Binary,C++,Easy,
68,https://leetcode.com/problems/text-justification/,Text Justification,C++,Hard,
69,https://leetcode.com/problems/sqrtx/,Sqrt(x),C++,Medium,
70,https://leetcode.com/problems/climbing-stairs/,Climbing Stairs,C++,Easy,
71,https://leetcode.com/problems/simplify-path/,Simplify Path,C++,Medium,
72,https://leetcode.com/problems/edit-distance/,Edit Distance,C++,Hard,
73,https://leetcode.com/problems/set-matrix-zeroes/,Set Matrix Zeroes,C++,Medium,
74,https://leetcode.com/problems/search-a-2d-matrix/,Search a 2D Matrix,C++,Medium,
75,https://leetcode.com/problems/sort-colors/,Sort Colors,C++,Medium,
76,https://leetcode.com/problems/minimum-window-substring/,Minimum Window Substring,C++,Hard,
77,https://leetcode.com/problems/combinations/,Combinations,C++,Medium,
78,https://leetcode.com/problems/subsets/,Subsets,C++,Medium,
79,https://leetcode.com/problems/word-search/,Word Search,C++,Medium,
80,https://leetcode.com/problems/remove-duplicates-from-sorted-array-ii/,Remove Duplicates from Sorted Array II,C++,Medium,
81,https://leetcode.com/problems/search-in-rotated-sorted-array-ii/,Search in Rotated Sorted Array II,C++,Medium,
82,https://leetcode.com/problems/remove-duplicates-from-sorted-list-ii/,Remove Duplicates from Sorted List II,C++,Medium,
83,https://leetcode.com/problems/remove-duplicates-from-sorted-list/,Remove Duplicates from Sorted List,C++,Easy,
84,https://leetcode.com/problems/largest-rectangle-in-histogram/,Largest Rectangle in Histogram,C++,Hard,
85,https://leetcode.com/problems/maximal-rectangle/,Maximal Rectangle,C++,Hard,
86,https://leetcode.com/problems/partition-list/,Partition List,C++,Medium,
87,https://leetcode.com/problems/scramble-string/,Scramble String,C++,Hard,
88,https://leetcode.com/problems/merge-sorted-array/,Merge Sorted Array,C++,Easy,
89,https://leetcode.com/problems/gray-code/,Gray Code,C++,Medium,
90,https://leetcode.com/problems/subsets-ii/,Subsets II,C++,Medium,
91,https://leetcode.com/problems/decode-ways/,Decode Ways,C++,Medium,
92,https://leetcode.com/problems/reverse-linked-list-ii/,Reverse Linked List II,C++,Medium,
93,https://leetcode.com/problems/restore-ip-addresses/,Restore IP Addresses,C++,Medium,
94,https://leetcode.com/problems/binary-tree-inorder-traversal/,Binary Tree Inorder Traversal,C++,Medium,
95,https://leetcode.com/problems/unique-binary-search-trees-ii/,Unique Binary Search Trees II,C++,Medium,
96,https://leetcode.com/problems/unique-binary-search-trees/,Unique Binary Search Trees,C++,Medium,
97,https://leetcode.com/problems/interleaving-string/,Interleaving String,C++,Hard,
98,https://leetcode.com/problems/validate-binary-search-tree/,Validate Binary Search Tree,C++,Medium,
99,https://leetcode.com/problems/recover-binary-search-tree/,Recover Binary Search Tree,C++,Hard,
100,https://leetcode.com/problems/same-tree/,Same Tree,C++,Easy,
101,https://leetcode.com/problems/symmetric-tree/,Symmetric Tree,C++,Easy,
102,https://leetcode.com/problems/binary-tree-level-order-traversal/,Binary Tree Level Order Traversal,C++,Easy,
103,https://leetcode.com/problems/binary-tree-zigzag-level-order-traversal/,Binary Tree Zigzag Level Order Traversal,C++,Medium,
104,https://leetcode.com/problems/maximum-depth-of-binary-tree/,Maximum Depth of Binary Tree,C++,Easy,
105,https://leetcode.com/problems/construct-binary-tree-from-preorder-and-inorder-traversal/,Construct Binary Tree from Preorder and Inorder Traversal,C++,Medium,
106,https://leetcode.com/problems/construct-binary-tree-from-inorder-and-postorder-traversal/,Construct Binary Tree from Inorder and Postorder Traversal,C++,Medium,
107,https://leetcode.com/problems/binary-tree-level-order-traversal-ii/,Binary Tree Level Order Traversal II,C++,Easy,
108,https://leetcode.com/problems/convert-sorted-array-to-binary-search-tree/,Convert Sorted Array to Binary Search Tree,C++,Medium,
109,https://leetcode.com/problems/convert-sorted-list-to-binary-search-tree/,Convert Sorted List to Binary Search Tree,C++,Medium,
110,https://leetcode.com/problems/balanced-binary-tree/,Balanced Binary Tree,C++,Easy,
111,https://leetcode.com/problems/minimum-depth-of-binary-tree/,Minimum Depth of Binary Tree,C++,Easy,
112,https://leetcode.com/problems/path-sum/,Path Sum,C++,Easy,
113,https://leetcode.com/problems/path-sum-ii/,Path Sum II,C++,Medium,
114,https://leetcode.com/problems/flatten-binary-tree-to-linked-list/,Flatten Binary Tree to Linked List,C++,Medium,
115,https://leetcode.com/problems/distinct-subsequences/,Distinct Subsequences,C++,Hard,
116,https://leetcode.com/problems/populating-next-right-pointers-in-each-node/,Populating Next Right Pointers in Each Node,C++,Medium,
117,https://leetcode.com/problems/populating-next-right-pointers-in-each-node-ii/,Populating Next Right Pointers in Each Node II,C++,Hard,
118,https://leetcode.com/problems/pascals-triangle/,Pascal&#39;s Triangle,C++,Easy,
119,https://leetcode.com/problems/pascals-triangle-ii/,Pascal&#39;s Triangle II,C++,Easy,
120,https://leetcode.com/problems/triangle/,Triangle,C++,Medium,
121,https://leetcode.com/problems/best-time-to-buy-and-sell-stock/,Best Time to Buy and Sell Stock,C++,Easy,
122,https://leetcode.com/problems/best-time-to-buy-and-sell-stock-ii/,Best Time to Buy and Sell Stock II,C++,Medium,
123,https://leetcode.com/problems/best-time-to-buy-and-sell-stock-iii/,Best Time to Buy and Sell Stock III,C++,Hard,
124,https://leetcode.com/problems/binary-tree-maximum-path-sum/,Binary Tree Maximum Path Sum,C++,Hard,
125,https://leetcode.com/problems/valid-palindrome/,Valid Palindrome,C++,Easy,
126,https://leetcode.com/problems/word-ladder-ii/,Word Ladder II,C++,Hard,
127,https://leetcode.com/problems/word-ladder/,Word Ladder,C++,Medium,
128,https://leetcode.com/problems/longest-consecutive-sequence/,Longest Consecutive Sequence,C++,Hard,
129,https://leetcode.com/problems/sum-root-to-leaf-numbers/,Sum Root to Leaf Numbers,C++,Medium,
130,https://leetcode.com/problems/surrounded-regions/,Surrounded Regions,C++,Medium,
131,https://leetcode.com/problems/palindrome-partitioning/,Palindrome Partitioning,C++,Medium,
132,https://leetcode.com/problems/palindrome-partitioning-ii/,Palindrome Partitioning II,C++,Hard,
133,https://leetcode.com/problems/clone-graph/,Clone Graph,C++,Medium,
134,https://leetcode.com/problems/gas-station/,Gas Station,C++,Medium,
135,https://leetcode.com/problems/candy/,Candy,C++,Hard,
136,https://leetcode.com/problems/single-number/,Single Number,C++,Medium,
137,https://leetcode.com/problems/single-number-ii/,Single Number II,C++,Medium,
138,https://leetcode.com/problems/copy-list-with-random-pointer/,Copy List with Random Pointer,C++,Hard,
139,https://leetcode.com/problems/word-break/,Word Break,C++,Medium,
140,https://leetcode.com/problems/word-break-ii/,Word Break II,C++,Hard,
141,https://leetcode.com/problems/linked-list-cycle/,Linked List Cycle,C++,Easy,
142,https://leetcode.com/problems/linked-list-cycle-ii/,Linked List Cycle II,C++,Medium,
143,https://leetcode.com/problems/reorder-list/,Reorder List,C++,Medium,
144,https://leetcode.com/problems/binary-tree-preorder-traversal/,Binary Tree Preorder Traversal,C++,Medium,
145,https://leetcode.com/problems/binary-tree-postorder-traversal/,Binary Tree Postorder Traversal,C++,Hard,
146,https://leetcode.com/problems/lru-cache/,LRU Cache,C++,Hard,
147,https://leetcode.com/problems/insertion-sort-list/,Insertion Sort List,C++,Medium,
148,https://leetcode.com/problems/sort-list/,Sort List,C++,Medium,
149,https://leetcode.com/problems/max-points-on-a-line/,Max Points on a Line,C++,Hard,
150,https://leetcode.com/problems/evaluate-reverse-polish-notation/,Evaluate Reverse Polish Notation,C++,Medium,
151,https://leetcode.com/problems/reverse-words-in-a-string/,Reverse Words in a String,C++,Medium,
152,https://leetcode.com/problems/maximum-product-subarray/,Maximum Product Subarray,C++,Medium,
153,https://leetcode.com/problems/find-minimum-in-rotated-sorted-array/,Find Minimum in Rotated Sorted Array,C++,Medium,
154,https://leetcode.com/problems/find-minimum-in-rotated-sorted-array-ii/,Find Minimum in Rotated Sorted Array II,C++,Hard,
155,https://leetcode.com/problems/min-stack/,Min Stack,C++,Easy,
156,https://leetcode.com/problems/binary-tree-upside-down/,Binary Tree Upside Down,,Medium,Locked
157,https://leetcode.com/problems/read-n-characters-given-read4/,Read N Characters Given Read4,,Easy,Locked
158,https://leetcode.com/problems/read-n-characters-given-read4-ii-call-multiple-times/,Read N Characters Given Read4 II - Call multiple times,,Hard,Locked
159,https://leetcode.com/problems/longest-substring-with-at-most-two-distinct-characters/,Longest Substring with At Most Two Distinct Characters,,Hard,Locked
160,https://leetcode.com/problems/intersection-of-two-linked-lists/,Intersection of Two Linked Lists,C++,Easy,
161,https://leetcode.com/problems/one-edit-distance/,One Edit Distance,,Medium,Locked
162,https://leetcode.com/problems/find-peak-element/,Find Peak Element,C++,Medium,
163,https://leetcode.com/problems/missing-ranges/,Missing Ranges,,Medium,Locked
164,https://leetcode.com/problems/maximum-gap/,Maximum Gap,C++,Hard,
165,https://leetcode.com/problems/compare-version-numbers/,Compare Version Numbers,C++,Easy,
166,https://leetcode.com/problems/fraction-to-recurring-decimal/,Fraction to Recurring Decimal,C++,Medium,
167,https://leetcode.com/problems/two-sum-ii-input-array-is-sorted/,Two Sum II - Input array is sorted,,Medium,Locked
168,https://leetcode.com/problems/excel-sheet-column-title/,Excel Sheet Column Title,C++,Easy,
169,https://leetcode.com/problems/majority-element/,Majority Element,C++,Easy,
170,https://leetcode.com/problems/two-sum-iii-data-structure-design/,Two Sum III - Data structure design,,Easy,Locked
171,https://leetcode.com/problems/excel-sheet-column-number/,Excel Sheet Column Number,C++,Easy,
172,https://leetcode.com/problems/factorial-trailing-zeroes/,Factorial Trailing Zeroes,C++,Easy,
173,https://leetcode.com/problems/binary-search-tree-iterator/,Binary Search Tree Iterator,C++,Medium,
174,https://leetcode.com/problems/dungeon-game/,Dungeon Game,C++,Hard,
179,https://leetcode.com/problems/largest-number/,Largest Number,C++,Medium,
186,https://leetcode.com/problems/reverse-words-in-a-string-ii/,Reverse Words in a String II,,Medium,Locked
187,https://leetcode.com/problems/repeated-dna-sequences/,Repeated DNA Sequences,C++,Medium,
188,https://leetcode.com/problems/best-time-to-buy-and-sell-stock-iv/,Best Time to Buy and Sell Stock IV,C++,Hard,
189,https://leetcode.com/problems/rotate-array/,Rotate Array,C++,Easy,
190,https://leetcode.com/problems/reverse-bits/,Reverse Bits,C++,Easy,
191,https://leetcode.com/problems/number-of-1-bits/,Number of 1 Bits,C++,Easy,
198,https://leetcode.com/problems/house-robber/,House Robber,C++,Easy,
199,https://leetcode.com/problems/binary-tree-right-side-view/,Binary Tree Right Side View,C++,Medium,
200,https://leetcode.com/problems/number-of-islands/,Number of Islands,C++,Medium,
201,https://leetcode.com/problems/bitwise-and-of-numbers-range/,Bitwise AND of Numbers Range,C++,Medium,
202,https://leetcode.com/problems/happy-number/,Happy Number,C++,Easy,
203,https://leetcode.com/problems/remove-linked-list-elements/,Remove Linked List Elements,C++,Easy,
204,https://leetcode.com/problems/count-primes/,Count Primes,C++,Easy,
205,https://leetcode.com/problems/isomorphic-strings/,Isomorphic Strings,C++,Easy,
206,https://leetcode.com/problems/reverse-linked-list/,Reverse Linked List,C++,Easy,
207,https://leetcode.com/problems/course-schedule/,Course Schedule,C++,Medium,
208,https://leetcode.com/problems/implement-trie-prefix-tree/,Implement Trie (Prefix Tree),C++,Medium,
209,https://leetcode.com/problems/minimum-size-subarray-sum/,Minimum Size Subarray Sum,C++,Medium,
210,https://leetcode.com/problems/course-schedule-ii/,Course Schedule II,C++,Medium,
211,https://leetcode.com/problems/add-and-search-word-data-structure-design/,Add and Search Word - Data structure design,C++,Medium,
212,https://leetcode.com/problems/word-search-ii/,Word Search II,C++,Hard,
213,https://leetcode.com/problems/house-robber-ii/,House Robber II,C++,Medium,
214,https://leetcode.com/problems/shortest-palindrome/,Shortest Palindrome,C++,Hard,
215,https://leetcode.com/problems/kth-largest-element-in-an-array/,Kth Largest Element in an Array,C++,Medium,
216,https://leetcode.com/problems/combination-sum-iii/,Combination Sum III,C++,Medium,
217,https://leetcode.com/problems/contains-duplicate/,Contains Duplicate,C++,Easy,
218,https://leetcode.com/problems/the-skyline-problem/,The Skyline Problem,C++,Hard,
219,https://leetcode.com/problems/contains-duplicate-ii/,Contains Duplicate II,C++,Easy,
220,https://leetcode.com/problems/contains-duplicate-iii/,Contains Duplicate III,C++,Medium,
221,https://leetcode.com/problems/maximal-square/,Maximal Square,C++,Medium,
222,https://leetcode.com/problems/count-complete-tree-nodes/,Count Complete Tree Nodes,C++,Medium,
223,https://leetcode.com/problems/rectangle-area/,Rectangle Area,C++,Easy,
224,https://leetcode.com/problems/basic-calculator/,Basic Calculator,C++,Hard,
225,https://leetcode.com/problems/implement-stack-using-queues/,Implement Stack using Queues,C++,Easy,
226,https://leetcode.com/problems/invert-binary-tree/,Invert Binary Tree,C++,Easy,
227,https://leetcode.com/problems/basic-calculator-ii/,Basic Calculator II,C++,Medium,
228,https://leetcode.com/problems/summary-ranges/,Summary Ranges,C++,Medium,
229,https://leetcode.com/problems/majority-element-ii/,Majority Element II,C++,Medium,
230,https://leetcode.com/problems/kth-smallest-element-in-a-bst/,Kth Smallest Element in a BST,C++,Medium,
231,https://leetcode.com/problems/power-of-two/,Power of Two,C++,Easy,
232,https://leetcode.com/problems/implement-queue-using-stacks/,Implement Queue using Stacks,C++,Easy,
233,https://leetcode.com/problems/number-of-digit-one/,Number of Digit One,C++,Hard,
234,https://leetcode.com/problems/palindrome-linked-list/,Palindrome Linked List,C++,Easy,
235,https://leetcode.com/problems/lowest-common-ancestor-of-a-binary-search-tree/,Lowest Common Ancestor of a Binary Search Tree,C++,Easy,
236,https://leetcode.com/problems/lowest-common-ancestor-of-a-binary-tree/,Lowest Common Ancestor of a Binary Tree,C++,Medium,
237,https://leetcode.com/problems/delete-node-in-a-linked-list/,Delete Node in a Linked List,C++,Easy,
238,https://leetcode.com/problems/product-of-array-except-self/,Product of Array Except Self,C++,Medium,
239,https://leetcode.com/problems/sliding-window-maximum/,Sliding Window Maximum,C++,Hard,
240,https://leetcode.com/problems/search-a-2d-matrix-ii/,Search a 2D Matrix II,C++,Medium,
241,https://leetcode.com/problems/different-ways-to-add-parentheses/,Different Ways to Add Parentheses,C++,Medium,
242,https://leetcode.com/problems/valid-anagram/,Valid Anagram,C++,Easy,
243,https://leetcode.com/problems/shortest-word-distance/,Shortest Word Distance,,Easy,Locked
244,https://leetcode.com/problems/shortest-word-distance-ii/,Shortest Word Distance II,,Medium,Locked
245,https://leetcode.com/problems/shortest-word-distance-iii/,Shortest Word Distance III,,Medium,Locked
246,https://leetcode.com/problems/strobogrammatic-number/,Strobogrammatic Number,,Easy,Locked
247,https://leetcode.com/problems/strobogrammatic-number-ii/,Strobogrammatic Number II,,Medium,Locked
248,https://leetcode.com/problems/strobogrammatic-number-iii/,Strobogrammatic Number III,,Hard,Locked
249,https://leetcode.com/problems/group-shifted-strings/,Group Shifted Strings,,Easy,Locked
250,https://leetcode.com/problems/count-univalue-subtrees/,Count Univalue Subtrees,,Medium,Locked
251,https://leetcode.com/problems/flatten-2d-vector/,Flatten 2D Vector,,Medium,Locked
252,https://leetcode.com/problems/meeting-rooms/,Meeting Rooms,,Easy,Locked
253,https://leetcode.com/problems/meeting-rooms-ii/,Meeting Rooms II,,Medium,Locked
254,https://leetcode.com/problems/factor-combinations/,Factor Combinations,,Medium,Locked
255,https://leetcode.com/problems/verify-preorder-sequence-in-binary-search-tree/,Verify Preorder Sequence in Binary Search Tree,,Medium,Locked
256,https://leetcode.com/problems/paint-house/,Paint House,,Medium,Locked
257,https://leetcode.com/problems/binary-tree-paths/,Binary Tree Paths,C++,Easy,
258,https://leetcode.com/problems/add-digits/,Add Digits,C++,Easy,
259,https://leetcode.com/problems/3sum-smaller/,3Sum Smaller,,Medium,Locked
260,https://leetcode.com/problems/single-number-iii/,Single Number III,C++,Medium,
261,https://leetcode.com/problems/graph-valid-tree/,Graph Valid Tree,,Medium,Locked
263,https://leetcode.com/problems/ugly-number/,Ugly Number,C++,Easy,
264,https://leetcode.com/problems/ugly-number-ii/,Ugly Number II,C++,Medium,
265,https://leetcode.com/problems/paint-house-ii/,Paint House II,,Hard,Locked
266,https://leetcode.com/problems/palindrome-permutation/,Palindrome Permutation,,Easy,Locked
267,https://leetcode.com/problems/palindrome-permutation-ii/,Palindrome Permutation II,,Medium,Locked
268,https://leetcode.com/problems/missing-number/,Missing Number,C++,Medium,
269,https://leetcode.com/problems/alien-dictionary/,Alien Dictionary,,Hard,Locked
270,https://leetcode.com/problems/closest-binary-search-tree-value/,Closest Binary Search Tree Value,,Easy,Locked
271,https://leetcode.com/problems/encode-and-decode-strings/,Encode and Decode Strings,,Medium,Locked
272,https://leetcode.com/problems/closest-binary-search-tree-value-ii/,Closest Binary Search Tree Value II,,Hard,Locked
273,https://leetcode.com/problems/integer-to-english-words/,Integer to English Words,C++,Hard,
274,https://leetcode.com/problems/h-index/,H-Index,C++,Medium,
275,https://leetcode.com/problems/h-index-ii/,H-Index II,C++,Medium,
276,https://leetcode.com/problems/paint-fence/,Paint Fence,,Easy,Locked
277,https://leetcode.com/problems/find-the-celebrity/,Find the Celebrity,,Medium,Locked
278,https://leetcode.com/problems/first-bad-version/,First Bad Version,C++,Easy,
279,https://leetcode.com/problems/perfect-squares/,Perfect Squares,C++,Medium,
280,https://leetcode.com/problems/wiggle-sort/,Wiggle Sort,,Medium,Locked
281,https://leetcode.com/problems/zigzag-iterator/,Zigzag Iterator,,Medium,Locked
282,https://leetcode.com/problems/expression-add-operators/,Expression Add Operators,C++,Hard,
283,https://leetcode.com/problems/move-zeroes/,Move Zeroes,C++,Easy,
284,https://leetcode.com/problems/peeking-iterator/,Peeking Iterator,C++,Medium,
285,https://leetcode.com/problems/inorder-successor-in-bst/,Inorder Successor in BST,,Medium,Locked
286,https://leetcode.com/problems/walls-and-gates/,Walls and Gates,,Medium,Locked
287,https://leetcode.com/problems/find-the-duplicate-number/,Find the Duplicate Number,C++,Hard,
288,https://leetcode.com/problems/unique-word-abbreviation/,Unique Word Abbreviation,,Easy,Locked
289,https://leetcode.com/problems/game-of-life/,Game of Life,C++,Medium,
290,https://leetcode.com/problems/word-pattern/,Word Pattern,C++,Easy,
291,https://leetcode.com/problems/word-pattern-ii/,Word Pattern II,,Hard,Locked
292,https://leetcode.com/problems/nim-game/,Nim Game,C++,Easy,
293,https://leetcode.com/problems/flip-game/,Flip Game,,Easy,Locked
294,https://leetcode.com/problems/flip-game-ii/,Flip Game II,,Medium,Locked
295,https://leetcode.com/problems/find-median-from-data-stream/,Find Median from Data Stream,C++,Hard,
296,https://leetcode.com/problems/best-meeting-point/,Best Meeting Point,,Hard,Locked
297,https://leetcode.com/problems/serialize-and-deserialize-binary-tree/,Serialize and Deserialize Binary Tree,C++,Hard,
298,https://leetcode.com/problems/binary-tree-longest-consecutive-sequence/,Binary Tree Longest Consecutive Sequence,,Medium,Locked
299,https://leetcode.com/problems/bulls-and-cows/,Bulls and Cows,C++,Easy,
300,https://leetcode.com/problems/longest-increasing-subsequence/,Longest Increasing Subsequence,C++,Medium,
301,https://leetcode.com/problems/remove-invalid-parentheses/,Remove Invalid Parentheses,C++,Hard,
302,https://leetcode.com/problems/smallest-rectangle-enclosing-black-pixels/,Smallest Rectangle Enclosing Black Pixels,,Hard,Locked
303,https://leetcode.com/problems/range-sum-query-immutable/,Range Sum Query - Immutable,C++,Easy,
304,https://leetcode.com/problems/range-sum-query-2d-immutable/,Range Sum Query 2D - Immutable,C++,Medium,
305,https://leetcode.com/problems/number-of-islands-ii/,Number of Islands II,,Hard,Locked
306,https://leetcode.com/problems/additive-number/,Additive Number,C++,Medium,
307,https://leetcode.com/problems/range-sum-query-mutable/,Range Sum Query - Mutable,C++,Medium,
308,https://leetcode.com/problems/range-sum-query-2d-mutable/,Range Sum Query 2D - Mutable,,Hard,Locked
309,https://leetcode.com/problems/best-time-to-buy-and-sell-stock-with-cooldown/,Best Time to Buy and Sell Stock with Cooldown,C++,Medium,
310,https://leetcode.com/problems/minimum-height-trees/,Minimum Height Trees,C++,Medium,
311,https://leetcode.com/problems/sparse-matrix-multiplication/,Sparse Matrix Multiplication,,Medium,Locked
312,https://leetcode.com/problems/burst-balloons/,Burst Balloons,C++,Hard,
313,https://leetcode.com/problems/super-ugly-number/,Super Ugly Number,C++,Medium,
314,https://leetcode.com/problems/binary-tree-vertical-order-traversal/,Binary Tree Vertical Order Traversal,,Medium,Locked
315,https://leetcode.com/problems/count-of-smaller-numbers-after-self/,Count of Smaller Numbers After Self,C++,Hard,
316,https://leetcode.com/problems/remove-duplicate-letters/,Remove Duplicate Letters,C++,Hard,
317,https://leetcode.com/problems/shortest-distance-from-all-buildings/,Shortest Distance from All Buildings,,Hard,Locked
318,https://leetcode.com/problems/maximum-product-of-word-lengths/,Maximum Product of Word Lengths,C++,Medium,
319,https://leetcode.com/problems/bulb-switcher/,Bulb Switcher,C++,Medium,
320,https://leetcode.com/problems/generalized-abbreviation/,Generalized Abbreviation,,Medium,Locked
321,https://leetcode.com/problems/create-maximum-number/,Create Maximum Number,C++,Hard,
322,https://leetcode.com/problems/coin-change/,Coin Change,C++,Medium,
323,https://leetcode.com/problems/number-of-connected-components-in-an-undirected-graph/,Number of Connected Components in an Undirected Graph,,Medium,Locked
324,https://leetcode.com/problems/wiggle-sort-ii/,Wiggle Sort II,C++,Medium,
325,https://leetcode.com/problems/maximum-size-subarray-sum-equals-k/,Maximum Size Subarray Sum Equals k,,Medium,Locked
326,https://leetcode.com/problems/power-of-three/,Power of Three,C++,Easy,
327,https://leetcode.com/problems/count-of-range-sum/,Count of Range Sum,C++,Hard,
328,https://leetcode.com/problems/odd-even-linked-list/,Odd Even Linked List,C++,Medium,
329,https://leetcode.com/problems/longest-increasing-path-in-a-matrix/,Longest Increasing Path in a Matrix,C++,Hard,
330,https://leetcode.com/problems/patching-array/,Patching Array,C++,Hard,
331,https://leetcode.com/problems/verify-preorder-serialization-of-a-binary-tree/,Verify Preorder Serialization of a Binary Tree,C++,Medium,
332,https://leetcode.com/problems/reconstruct-itinerary/,Reconstruct Itinerary,C++,Medium,
333,https://leetcode.com/problems/largest-bst-subtree/,Largest BST Subtree,,Medium,Locked
334,https://leetcode.com/problems/increasing-triplet-subsequence/,Increasing Triplet Subsequence,C++,Medium,
335,https://leetcode.com/problems/self-crossing/,Self Crossing,C++,Hard,
336,https://leetcode.com/problems/palindrome-pairs/,Palindrome Pairs,C++,Hard,
337,https://leetcode.com/problems/house-robber-iii/,House Robber III,C++,Medium,
338,https://leetcode.com/problems/counting-bits/,Counting Bits,C++,Medium,
339,https://leetcode.com/problems/nested-list-weight-sum/,Nested List Weight Sum,,Easy,Locked
340,https://leetcode.com/problems/longest-substring-with-at-most-k-distinct-characters/,Longest Substring with At Most K Distinct Characters,,Hard,Locked
341,https://leetcode.com/problems/flatten-nested-list-iterator/,Flatten Nested List Iterator,C++,Medium,
342,https://leetcode.com/problems/power-of-four/,Power of Four,C++,Easy,
343,https://leetcode.com/problems/integer-break/,Integer Break,C++,Medium,
344,https://leetcode.com/problems/reverse-string/,Reverse String,C++,Easy,
345,https://leetcode.com/problems/reverse-vowels-of-a-string/,Reverse Vowels of a String,C++,Easy,
346,https://leetcode.com/problems/moving-average-from-data-stream/,Moving Average from Data Stream,,Easy,Locked
347,https://leetcode.com/problems/top-k-frequent-elements/,Top K Frequent Elements,C++,Medium,
348,https://leetcode.com/problems/design-tic-tac-toe/,Design Tic-Tac-Toe,,Medium,Locked
349,https://leetcode.com/problems/intersection-of-two-arrays/,Intersection of Two Arrays,C++,Easy,
350,https://leetcode.com/problems/intersection-of-two-arrays-ii/,Intersection of Two Arrays II,C++,Easy,
351,https://leetcode.com/problems/android-unlock-patterns/,Android Unlock Patterns,,Medium,Locked
352,https://leetcode.com/problems/data-stream-as-disjoint-intervals/,Data Stream as Disjoint Intervals,C++,Hard,
353,https://leetcode.com/problems/design-snake-game/,Design Snake Game,,Medium,Locked
354,https://leetcode.com/problems/russian-doll-envelopes/,Russian Doll Envelopes,C++,Hard,
355,https://leetcode.com/problems/design-twitter/,Design Twitter,C++,Medium,
356,https://leetcode.com/problems/line-reflection/,Line Reflection,,Medium,Locked
357,https://leetcode.com/problems/count-numbers-with-unique-digits/,Count Numbers with Unique Digits,C++,Medium,
358,https://leetcode.com/problems/rearrange-string-k-distance-apart/,Rearrange String k Distance Apart,,Hard,Locked
359,https://leetcode.com/problems/logger-rate-limiter/,Logger Rate Limiter,,Easy,Locked
360,https://leetcode.com/problems/sort-transformed-array/,Sort Transformed Array,,Medium,Locked
